{"stats":{"minecraft:killed":{"minecraft:zombie":1},"minecraft:picked_up":{"embellishcraft:slate_cobblestone":1},"minecraft:mined":{"embellishcraft:slate":1},"minecraft:custom":{"minecraft:open_chest":1,"minecraft:time_since_rest":19286,"minecraft:leave_game":6,"minecraft:play_time":19286,"minecraft:sprint_one_cm":31378,"minecraft:damage_taken":330,"minecraft:time_since_death":19286,"minecraft:walk_one_cm":21349,"minecraft:sneak_time":210,"minecraft:total_world_time":19784,"minecraft:mob_kills":1,"minecraft:fall_one_cm":2356,"minecraft:fly_one_cm":188003,"minecraft:jump":245},"minecraft:used":{"minecraft:stone_button":2,"minecraft:netherite_pickaxe":1,"embellishcraft:slate_cobblestone":1,"securitycraft:reinforced_green_wool":33,"securitycraft:keypad_door_item":2,"minecraft:grass_block":100,"cgm:pistol":20}},"DataVersion":3120}