{"stats":{"minecraft:used":{"minecraft:stone_button":2,"minecraft:netherite_pickaxe":1,"embellishcraft:slate_cobblestone":1,"securitycraft:keypad_door_item":2,"securitycraft:reinforced_green_wool":33,"minecraft:grass_block":100},"minecraft:picked_up":{"embellishcraft:slate_cobblestone":1},"minecraft:mined":{"embellishcraft:slate":1},"minecraft:custom":{"minecraft:jump":119,"minecraft:open_chest":1,"minecraft:time_since_rest":15084,"minecraft:leave_game":4,"minecraft:play_time":15084,"minecraft:sprint_one_cm":18342,"minecraft:damage_taken":330,"minecraft:time_since_death":15084,"minecraft:walk_one_cm":14636,"minecraft:sneak_time":210,"minecraft:total_world_time":15582,"minecraft:fall_one_cm":2356,"minecraft:fly_one_cm":143465}},"DataVersion":3120}