{
  "minecraft:recipes/tools/stone_shovel": {
    "criteria": {
      "has_cobblestone": "2024-07-28 23:27:17 +0000"
    },
    "done": true
  },
  "minecraft:recipes/embellishcraft_rocks_group/slate_cobblestone_pressure_plate_from_slate_cobblestone_stonecutting": {
    "criteria": {
      "has_slate_cobblestone": "2024-07-28 23:27:17 +0000"
    },
    "done": true
  },
  "farmersdelight:main/root": {
    "criteria": {
      "seeds": "2024-07-28 23:22:27 +0000"
    },
    "done": true
  },
  "embellishcraft:recipes/embellishcraft_rocks_group/slate_from_cobblestone_smelting": {
    "criteria": {
      "has_slate_cobblestone": "2024-07-28 23:27:17 +0000"
    },
    "done": true
  },
  "minecraft:recipes/embellishcraft_rocks_group/slate_cobblestone_stairs_from_slate_cobblestone_stonecutting": {
    "criteria": {
      "has_slate_cobblestone": "2024-07-28 23:27:17 +0000"
    },
    "done": true
  },
  "embellishcraft:recipes/embellishcraft_rocks_group/slate_cobblestone_pressure_plate": {
    "criteria": {
      "has_slate_cobblestone": "2024-07-28 23:27:17 +0000"
    },
    "done": true
  },
  "embellishcraft:recipes/embellishcraft_rocks_group/slate_cobblestone_wall": {
    "criteria": {
      "has_slate_cobblestone": "2024-07-28 23:27:17 +0000"
    },
    "done": true
  },
  "minecraft:recipes/tools/stone_hoe": {
    "criteria": {
      "has_cobblestone": "2024-07-28 23:27:17 +0000"
    },
    "done": true
  },
  "securitycraft:recipes/securitycraft/reinforced_diorite": {
    "criteria": {
      "has_cobblestone": "2024-07-28 23:27:17 +0000"
    },
    "done": true
  },
  "securitycraft:recipes/securitycraft/reinforced_moss_carpet": {
    "criteria": {
      "has_wool": "2024-07-28 23:28:19 +0000"
    },
    "done": true
  },
  "securitycraft:recipes/securitycraft/reinforced_red_carpet": {
    "criteria": {
      "has_wool": "2024-07-28 23:28:19 +0000"
    },
    "done": true
  },
  "minecraft:adventure/kill_a_mob": {
    "criteria": {
      "minecraft:zombie": "2024-07-29 00:10:01 +0000"
    },
    "done": true
  },
  "securitycraft:recipes/securitycraft/reinforced_yellow_carpet": {
    "criteria": {
      "has_wool": "2024-07-28 23:28:19 +0000"
    },
    "done": true
  },
  "minecraft:adventure/kill_all_mobs": {
    "criteria": {
      "minecraft:zombie": "2024-07-29 00:10:01 +0000"
    },
    "done": false
  },
  "securitycraft:recipes/securitycraft/reinforced_andesite": {
    "criteria": {
      "has_cobblestone": "2024-07-28 23:27:17 +0000"
    },
    "done": true
  },
  "embellishcraft:recipes/embellishcraft_rocks_group/slate_cobblestone_stairs": {
    "criteria": {
      "has_slate_cobblestone": "2024-07-28 23:27:17 +0000"
    },
    "done": true
  },
  "embellishcraft:recipes/embellishcraft_rocks_group/slate_paving_stones": {
    "criteria": {
      "has_slate_cobblestones": "2024-07-28 23:27:17 +0000"
    },
    "done": true
  },
  "securitycraft:recipes/securitycraft/reinforced_purple_carpet": {
    "criteria": {
      "has_wool": "2024-07-28 23:28:19 +0000"
    },
    "done": true
  },
  "securitycraft:recipes/securitycraft/reinforced_magenta_carpet": {
    "criteria": {
      "has_wool": "2024-07-28 23:28:19 +0000"
    },
    "done": true
  },
  "minecraft:recipes/embellishcraft_rocks_group/slate_cobblestone_wall_from_slate_cobblestone_stonecutting": {
    "criteria": {
      "has_slate_cobblestone": "2024-07-28 23:27:17 +0000"
    },
    "done": true
  },
  "bunker_down:first_joined_world": {
    "criteria": {
      "first_joined_world": "2024-07-28 23:22:29 +0000"
    },
    "done": true
  },
  "biomesoplenty:biomesoplenty/all_biomes": {
    "criteria": {
      "wooded_wasteland": "2024-07-28 23:22:47 +0000"
    },
    "done": false
  },
  "minecraft:story/mine_stone": {
    "criteria": {
      "get_stone": "2024-07-28 23:27:17 +0000"
    },
    "done": true
  },
  "minecraft:recipes/decorations/furnace": {
    "criteria": {
      "has_cobblestone": "2024-07-28 23:27:17 +0000"
    },
    "done": true
  },
  "moguns:weapons/root": {
    "criteria": {
      "tick": "2024-07-28 23:22:27 +0000"
    },
    "done": true
  },
  "securitycraft:recipes/securitycraft/reinforced_cyan_carpet": {
    "criteria": {
      "has_wool": "2024-07-28 23:28:19 +0000"
    },
    "done": true
  },
  "securitycraft:recipes/securitycraft/reinforced_gray_carpet": {
    "criteria": {
      "has_wool": "2024-07-28 23:28:19 +0000"
    },
    "done": true
  },
  "biomesoplenty:biomesoplenty/root": {
    "criteria": {
      "wooded_wasteland": "2024-07-28 23:22:47 +0000"
    },
    "done": true
  },
  "securitycraft:recipes/securitycraft/reinforced_black_carpet": {
    "criteria": {
      "has_wool": "2024-07-28 23:28:19 +0000"
    },
    "done": true
  },
  "securitycraft:recipes/securitycraft/reinforced_white_carpet": {
    "criteria": {
      "has_wool": "2024-07-28 23:28:19 +0000"
    },
    "done": true
  },
  "securitycraft:recipes/securitycraft/reinforced_blue_carpet": {
    "criteria": {
      "has_wool": "2024-07-28 23:28:19 +0000"
    },
    "done": true
  },
  "minecraft:recipes/decorations/chest": {
    "criteria": {
      "has_lots_of_items": "2024-07-28 23:27:06 +0000"
    },
    "done": true
  },
  "securitycraft:recipes/securitycraft/reinforced_brown_carpet": {
    "criteria": {
      "has_wool": "2024-07-28 23:28:19 +0000"
    },
    "done": true
  },
  "minecraft:recipes/combat/stone_sword": {
    "criteria": {
      "has_cobblestone": "2024-07-28 23:27:17 +0000"
    },
    "done": true
  },
  "securitycraft:recipes/securitycraft/reinforced_lime_carpet": {
    "criteria": {
      "has_wool": "2024-07-28 23:28:19 +0000"
    },
    "done": true
  },
  "minecraft:recipes/tools/stone_pickaxe": {
    "criteria": {
      "has_cobblestone": "2024-07-28 23:27:17 +0000"
    },
    "done": true
  },
  "securitycraft:recipes/securitycraft/reinforced_pink_carpet": {
    "criteria": {
      "has_wool": "2024-07-28 23:28:19 +0000"
    },
    "done": true
  },
  "moguns:crayfish/root": {
    "criteria": {
      "tick": "2024-07-28 23:22:27 +0000"
    },
    "done": true
  },
  "embellishcraft:recipes/embellishcraft_rocks_group/slate_cobblestone_slab": {
    "criteria": {
      "has_slate_cobblestone": "2024-07-28 23:27:17 +0000"
    },
    "done": true
  },
  "minecraft:recipes/tools/stone_axe": {
    "criteria": {
      "has_cobblestone": "2024-07-28 23:27:17 +0000"
    },
    "done": true
  },
  "securitycraft:recipes/securitycraft/reinforced_light_gray_carpet": {
    "criteria": {
      "has_wool": "2024-07-28 23:28:19 +0000"
    },
    "done": true
  },
  "securitycraft:recipes/securitycraft/reinforced_green_carpet": {
    "criteria": {
      "has_wool": "2024-07-28 23:28:19 +0000"
    },
    "done": true
  },
  "minecraft:adventure/root": {
    "criteria": {
      "killed_something": "2024-07-29 00:10:01 +0000"
    },
    "done": true
  },
  "embellishcraft:recipes/embellishcraft_rocks_group/slate_cobblestone_bricks": {
    "criteria": {
      "has_slate_cobblestone": "2024-07-28 23:27:17 +0000"
    },
    "done": true
  },
  "securitycraft:recipes/securitycraft/keypad_item": {
    "criteria": {
      "has_stone_button": "2024-07-28 23:29:39 +0000"
    },
    "done": true
  },
  "minecraft:recipes/embellishcraft_rocks_group/slate_cobblestone_slab_from_slate_cobblestone_stonecutting": {
    "criteria": {
      "has_slate_cobblestone": "2024-07-28 23:27:17 +0000"
    },
    "done": true
  },
  "securitycraft:recipes/securitycraft/reinforced_orange_carpet": {
    "criteria": {
      "has_wool": "2024-07-28 23:28:19 +0000"
    },
    "done": true
  },
  "securitycraft:recipes/securitycraft/reinforced_light_blue_carpet": {
    "criteria": {
      "has_wool": "2024-07-28 23:28:19 +0000"
    },
    "done": true
  },
  "DataVersion": 3120
}